"session","created","modified","ended","expired","consentUnderstand","time1","screenout"
"breakableFurSealXXX0UVCFB3RMY4A1FUGHQN9rO74-IbbPmWkw_VgtY_nBrySb","2021-11-17 23:25:38","2021-11-17 23:25:49","2021-11-17 23:25:53","","1","2021-11-17 23:25:45","1"
"Fpz4qoV5yv5fAuoJx9lZNGXjVb9unVp2sH6fl7bT0BvpiYEB4oeKo6QYa0S5rXDN","2021-11-17 23:28:58","2021-11-17 23:29:10","2021-11-17 23:29:13","","1","2021-11-17 23:29:07","1"
"qCN6rNE8jm0UYDfdjHGM0md25f03EUru4zHHl4j9ridu9utrDBjziw0ttoU7cgDM","2021-11-18 00:36:44","2021-11-18 00:36:53","2021-11-18 00:36:58","","1","2021-11-18 00:36:52","1"
"AVNNlhoLa9NH7X-t3xk5CjdHmza7Gf9NC4XweMTwXPbi1DczCiuUlJ1_C9it7gVF","2021-11-18 00:52:14","2021-11-18 00:52:19","","","","",""
"n7qy0sxlZuBrx4wi_aK9LodpTFMIm50PjbhtuqfHv3lNXiPVzEK334AebaeEpM9s","2021-11-18 00:52:41","2021-11-18 00:52:52","2021-11-18 00:52:58","","1","2021-11-18 00:52:51","1"
"J-dEpp7LxReL_qIKkroTGGGVT-Gp6RlmRhPTTNC5oFfVmaAKRXpesNrwApN3-xlT","2021-11-18 01:53:26","2021-11-18 01:53:39","","","","",""
"zp872A4sQJDy9Z3QIfCWcmFL_E_EO0L-EzpIaHNntRBqVA0Vbq1YUhJIPLj8X2Cc","2021-11-18 01:55:41","2021-11-18 01:55:49","2021-11-18 01:55:52","","1","2021-11-18 01:55:46","1"
"6HukDGnkA1jqcmvrjRHJ1u1kpTOV3T6opx0kfFhRTA78gtn8RCfabui97JI2WN6P","2021-11-18 01:57:28","2021-11-18 01:57:37","2021-11-18 01:57:37","","1","2021-11-18 01:57:35","1"
"NYA3czZgE1NiOoYuM--LuU4WoS2AeldA96Cvo-XMCtZpXoCfE3VRjdnULUI-ykCx","2021-11-18 01:59:03","","","","","",""
"HMJb9uQvP76O0fHL-YA7yGU_6tRKzj7HW17kalt0FVs_pjjIJ-yi2WyZMZcel9d5","2021-11-18 02:00:00","","","","","",""
"","2021-11-18 02:00:37","2021-11-18 02:00:43","","","1","2021-11-18 02:00:43",""
"Td_vxM6nrgGNhrHkTfOzg5QV-TgYx67hYBo1JMjWWXaheoHniLUSyfrD9kb9BPf5","2021-11-18 02:01:04","2021-11-18 02:01:11","","","1","2021-11-18 02:01:11",""
"wn-liq0sPT1X-DNVhNQ4PdpsicZEERUnFhFjL5i8aGO51jSXT9pBU71IcANLiwN_","2021-11-18 02:10:52","2021-11-18 02:11:03","2021-11-18 02:11:03","","1","2021-11-18 02:11:01","1"
"iTCj0JMQZcrwvJAmzLOARk5GUeQl-CFgdcqWvpJtarCk0gUGNI5hGE7wb5mYnxgE","2021-11-18 02:14:11","","","","","",""
"yMMDnTCN9R4dDl9CUrLF_geYRmC82tSMarKlqIr89QYcvW7HLCbWkSi13adqXYVN","2021-11-18 02:17:22","2021-11-18 02:17:55","","","1","2021-11-18 02:17:41",""
"WBMDKWueOX507BEJDQBE-3spqL5QXK-jZQuayhXmjcrRGBaWUcNNxcChGLa_beQe","2021-11-18 02:19:12","2021-11-18 02:19:30","2021-11-18 02:19:30","","1","2021-11-18 02:19:25","1"
"azoLuf_y0NMJuH7VVacxbuC9rwR2AkfOxi0cTupwiVYJX3LcH02RMEpFmYw9Z8o2","2021-11-18 02:24:59","2021-11-18 02:25:11","2021-11-18 02:25:11","","1","2021-11-18 02:25:06","2"
"68z_9BQIp7L1ibCEPzSlMTepAAd45izHGxw9JN82bq3d953CT5qWhCdLRDXJQCKA","2021-11-18 02:25:56","2021-11-18 02:26:08","2021-11-18 02:26:08","","1","2021-11-18 02:26:04","2"
"8TKj3utdvjNohlzqJDb0_kTsffcKgUEq_NpzDzPShGyJwagwcHXEGvsuuyP4nI45","2021-11-23 16:53:43","2021-11-23 16:53:46","","","","",""
"0s41jefsXQhyoh3HQOLOpO4dm7qXiOKf2XQ-OoAhx0y0KYYsr_CSApqUGZkAFOBp","2021-11-23 16:54:22","","","","","",""
"qWTsuj28mgiH6DkU0CWgEJdnzQtpR0bc1iHaftLCvRukBiCJEOHwhphZ8-ld_4Wf","2021-11-23 19:01:15","2021-11-23 19:01:26","2021-11-23 19:01:26","","1","2021-11-23 19:01:23","1"
"d7F1xBoAku0nPukwS0xeNbZxOvXIS1yV40h4tBRMuDGgunZl0N9Kb8xIfsS-9IQ7","2021-11-23 21:38:30","2021-11-23 21:38:59","2021-11-23 21:38:59","","1","2021-11-23 21:38:51","1"
"m12Z5WNm_zQR5SzTY9Hy5UvkIjn4N3Yy2m1IGXVMhW_GKqMH6AKKg-Az3kqapktr","2021-11-23 22:04:54","2021-11-23 22:05:03","2021-11-23 22:05:03","","1","2021-11-23 22:05:00","1"
"P2k_qguq0CqB4fJ8XqV-qAuIvnJMEiUkLeHzXEFDILoYwYOrnjVhl9LTp8tfLOWu","2021-11-26 23:43:01","","","","","",""
"fantasticBlackBearXXXO79Fxirh04hzpjT5bW3xxfURqXHEUu6q-4YVAFIFJGg","2021-11-27 00:00:03","2021-11-27 00:00:13","2021-11-27 00:00:13","","1","2021-11-27 00:00:08","1"
"RcOzBpAlGxQoBfq5910osWrVqOsNWFGx1ues8oSpciUyayRDkOvbHeVhM8x_xxFs","2021-11-27 20:07:59","","","","","",""
"hW4kOsGUDUFxg3euDmrnTwIjUEiAvHsDqFwlwsNm5kmF1EioD9sMhwuAk7MCKTPG","2021-11-27 20:23:22","2021-11-27 20:23:45","2021-11-27 20:23:45","","1","2021-11-27 20:23:39","1"
"Ze-5dYS3BwVgAefJhprtIp-NZG4XXRc_t5HlveqvvKss1oykNqkWe0L7A8-0M-Q7","2021-11-27 20:37:48","2021-11-27 20:38:14","2021-11-27 20:38:14","","1","2021-11-27 20:38:05","2"
"8cNYnN69bij3-lKEeCR6HPaf7dbd4eanbHrFIl5BjN688lvV3R8YUkHkXbuVPlMX","2021-11-27 20:57:26","2021-11-27 20:57:41","2021-11-27 20:57:41","","1","2021-11-27 20:57:37","2"
"GAl3WHYWOBRLJ6lTqhShT6p6zU3lwkZIbkoyaZA7wHgzbik0kHbDbVvgFk0AUo-j","2021-11-27 21:01:53","","","","","",""
"8I3jagQtk-fe81IIzxERDNvRND-mI_w3Rrq1RNPa2bhzHm5XACUwI5dsqX4vBKWJ","2021-11-27 21:29:59","2021-11-27 21:30:36","2021-11-27 21:30:36","","1","2021-11-27 21:30:15","2"
"1KBH2_trXye4S7pZzzCkTziGRm5Ccs62lLmycP9FMwPPSxD20rTDk7TCBGV3SjiO","2021-11-27 21:44:39","2021-11-27 21:45:03","2021-11-27 21:45:03","","1","2021-11-27 21:44:57","1"
"WuqKijk6IORrhn6iQWO3JBCX9sIj0uxW8nqf1_UlPLctZmiIvj6OwVB8aPb_Q-PK","2021-11-27 22:38:24","","","","","",""
"q4G7hn3hv6Rman-7ndqU-LyPxRFK1H-zNYwOPYc6U0SgikOeN2uqklWcSY5-YTus","2021-11-28 01:06:44","2021-11-28 01:07:07","2021-11-28 01:07:07","","1","2021-11-28 01:07:02","1"
"Uh3hQyyPtZ9RugXpP4AOO4qN1e_HgAjAEHpk0RB4Tx97Jxmg9HUfxMxxqeVN_BBo","2021-11-28 02:21:26","2021-11-28 02:21:38","2021-11-28 02:21:38","","1","2021-11-28 02:21:33","1"
"XDH0RHBJn2EZe_qw1eyPA0tWXCrkeRrV4OiXzxqWjNmN_Yi-oH6ZghBstIBWbkX5","2021-11-28 07:24:22","2021-11-28 07:24:37","2021-11-28 07:24:37","","1","2021-11-28 07:24:34","1"
"qzROmIr20A0KOdFW6PEESXapQ2dbV9Y4ki8o6U8wf7kSVqF3Y3wK49RrM3SDLE9y","2021-11-28 17:24:56","2021-11-28 17:26:37","2021-11-28 17:26:37","","1","2021-11-28 17:26:32","1"
"VZ0OdSD_8KzFVPT9KeGxvqRmBUqFS30y8f3lv-mpnW7kDpyjtXLooGjWZlzz50Vy","2021-11-28 17:24:58","","","","","",""
"NOgHKcvRQ-ocXJ9W91dt-DZ8JHYgnfRnUnC00viXy6mkPjk_yTBESV0lkvAsTlbx","2021-11-29 11:54:17","","","","","",""
"Fgut3PJ3Orj8eOk_x649pwbV1POvRaCVNlkL4UM3h5BYqvntQQ2JZmUHQBLujXV5","2021-11-29 20:22:13","2021-11-29 20:22:21","2021-11-29 20:22:21","","1","2021-11-29 20:22:19","1"
"FLmYs6tRQt3mAKxXlh0NnSnoU1JxXgJKYeGSmPPeNBx40zEaeDm9o_PYnpt8FVYm","2021-11-29 20:27:18","2021-11-29 20:27:35","2021-11-29 20:27:35","","1","2021-11-29 20:27:28","1"
"Vu2wbIt9w6HQhqowuVhrfUEMkCX3mUkrgFtbyxXPhcWXLhmHLnx3cf15MnxxFQze","2021-11-29 20:28:51","2021-11-29 20:29:09","2021-11-29 20:29:09","","1","2021-11-29 20:29:00","1"
"KDKwp5iPo467MJdq-Q_63YdXWHjOSFux9TGE5zzQhwePhr2vbQDyO6PLAU_xUn3o","2021-11-29 20:30:30","2021-11-29 20:30:52","2021-11-29 20:30:52","","1","2021-11-29 20:30:46","2"
"4RzdSQGwSFrrO_YUeMUH_qyud4RbBHUm45c0Q7I53CI71jVqr5erTUt8xMmAEGBV","2021-11-29 20:30:35","2021-11-29 20:30:53","2021-11-29 20:30:53","","1","2021-11-29 20:30:48","1"
"VfY0Z2auj5dBSpYwK9L0W8ahTvBiIUX3UIqMi3HDW4fOK8yf3e-pWHviwBYgjC_z","2021-11-29 20:30:45","2021-11-29 20:31:15","2021-11-29 20:31:15","","1","2021-11-29 20:31:05","2"
"LQXGcr30mFeEIDcddQg4VrFnGgUOnK8wXlQGWBzgGrFk5GxqboCXeOzihnmBknpf","2021-11-29 20:31:04","2021-11-29 20:31:20","2021-11-29 20:31:20","","1","2021-11-29 20:31:17","1"
"Hw-SmuGkMgpMnZDiAVA0RwhKZ0shGlzQ5_kNxzDLK9xEcfUaO8qEbBG4jI8np9w-","2021-11-29 20:31:47","2021-11-29 20:32:11","2021-11-29 20:32:11","","1","2021-11-29 20:32:05","1"
"PjgY_KGU9s57DJXx2TBcHwSqd0Iy8Y79FYd7PtxmQmb_P6RscTwa0cunzFIc_AJd","2021-11-29 20:33:09","2021-11-29 20:33:28","2021-11-29 20:33:28","","1","2021-11-29 20:33:24","1"
"mhbHqlVIFfEgztJCTa_zccN3u0h22hTseVJYOz3FvZDi9Npahm9fic1MFvlnrIqc","2021-11-29 20:33:37","2021-11-29 20:34:13","2021-11-29 20:34:13","","1","2021-11-29 20:34:04","1"
"C_9lJ13Axu8EGtYosqvBNspnnG9Lt6zqSGj0JKDDqVzL1PDKg-TNme1s1pNNpccV","2021-11-29 20:34:17","2021-11-29 20:34:33","2021-11-29 20:34:33","","1","2021-11-29 20:34:27","2"
"PaBtMAIRyY_TNmzJMJ70jR9W4drdSWovwmGmmaD9crD7rM7YkAfzFbUTLGOmiu1f","2021-11-29 20:34:24","2021-11-29 20:35:04","2021-11-29 20:35:04","","1","2021-11-29 20:34:55","1"
"227iXBiW3L9fKIOhYq-v25FKK2q1lMRGAS1SsMGVJuWV1oZm_JeYuuSH_A4g3RTT","2021-11-29 20:34:52","2021-11-29 20:35:05","2021-11-29 20:35:05","","1","2021-11-29 20:35:00","1"
"J7f5NkD8HwKu9GjUx8USYxuDaMBKM8SfuU5RcuUBIguLw9fijUpx2Od606tm90gx","2021-11-29 20:35:45","2021-11-29 20:35:55","2021-11-29 20:35:55","","1","2021-11-29 20:35:51","1"
"cK8RTInqNSUDngyaE-bBHOuuPAvSnjm3q1vDIJXJYP6cLrECvM5cjOauRxzwANNr","2021-11-29 20:37:17","2021-11-29 20:37:30","2021-11-29 20:37:30","","1","2021-11-29 20:37:25","1"
"StXLUI9u0eC5TJWU6bteVA_FuFrFxRUrO7aGULo9GwUIMjXVJMgLZ4Xw-tSUO7xk","2021-11-29 20:37:47","2021-11-29 20:38:06","2021-11-29 20:38:06","","1","2021-11-29 20:38:03","1"
"jb7zQ3MYEGpvLTJmsWmrWsAY-ovpQY0dvoLA8ZLMdyBiRdJzhxsZbfANhJlU-Qmc","2021-11-29 20:38:01","2021-11-29 20:38:18","2021-11-29 20:38:18","","1","2021-11-29 20:38:12","2"
"TeUxtjQpdoYR6DUQ_XyaOPRoFLunDqrqvDYSCLRho-ElU53ZMEKi7jztYrng3VOg","2021-11-29 20:38:03","","","","","",""
"oAgi69J26eIBeR0OUP4DVUjP4WPLg6LUCc5p3jwscZY2Z-GYwkMWUkmeJpDp5KWT","2021-11-29 20:38:04","","","","","",""
"NKymbVvOaFkU4SebsDcTzNqQ25v0JTW178bT-ISoDUYurWf4rNH8xhoBjOrDpapU","2021-11-29 20:38:38","2021-11-29 20:38:48","2021-11-29 20:38:48","","1","2021-11-29 20:38:45","1"
"l_AL6FLWqpJAf0UPixhoY13p8ofNLYaqR4tqCVF2SGdqEILQFc3Ctxc2AIBZwGWr","2021-11-29 20:38:50","2021-11-29 20:39:10","2021-11-29 20:39:10","","1","2021-11-29 20:39:06","1"
"6X0LU66BzmPE9BMR5DlibLISNOzv_wV1nNjbNegaHO-0of4BisOltxLS9O85-ceZ","2021-11-29 20:38:52","2021-11-29 20:39:04","2021-11-29 20:39:04","","1","2021-11-29 20:39:00","1"
"92CrJfMO4iTPslZK7RWgGtMdXunnFUdahMBy0WbB8eR23taUh3TtF8VnCDSCrYDK","2021-11-29 20:39:07","2021-11-29 20:39:25","2021-11-29 20:39:25","","1","2021-11-29 20:39:19","2"
"ZFbzD9uSFtJdvrw1F80KEqg9e8INB_ny2zT7DknPvtJGO3AgfQouo5yKMkr_7kbZ","2021-11-29 20:39:24","2021-11-29 20:39:37","2021-11-29 20:39:37","","1","2021-11-29 20:39:33","1"
"xA3_B5JoyBuIfqKVgzkP2mjAcgcQFRdOzD-8m70q1l6aVe8aCTWW2tcavGaxmoVR","2021-11-29 20:40:14","2021-11-29 20:40:40","2021-11-29 20:40:40","","1","2021-11-29 20:40:34","1"
"BXy5ROCPqavkbbKCxkZsZbAbnCupFrdRS-gW-_J1j9bLwCs3yPq8kgI_v1yENsfT","2021-11-29 20:40:42","2021-11-29 20:41:00","2021-11-29 20:41:00","","1","2021-11-29 20:40:55","1"
"fpZVJIEtTgMVzvV1SLxss4dhqUrtTl-gV4wnF0zAFMYFkh-tiLg6N4CrXFCo323f","2021-11-29 20:40:47","2021-11-29 20:41:05","2021-11-29 20:41:05","","1","2021-11-29 20:41:01","1"
"d0GT-_6jyBlDgkjm4-gHOj0QA63iSDB-SXKN_eCtsrWVxSS4h9h3to5fxyDdeyKW","2021-11-29 20:40:49","2021-11-29 20:41:29","2021-11-29 20:41:29","","1","2021-11-29 20:41:21","1"
"bK6Ls-pRWNfnqwOsxSyR-mSmGdHsPnW0K1kuP9_A5NjDsZUfD9PcQTaNevFcRA8T","2021-11-29 20:40:51","2021-11-29 20:41:11","2021-11-29 20:41:11","","1","2021-11-29 20:41:07","1"
"q0UfuDwvjfu-DzOBLhYq2BSr3EK0FPt5JlnJ4n5r1Cs0mWnYMLn0sB6ghHfPQ592","2021-11-29 20:40:53","2021-11-29 20:41:25","2021-11-29 20:41:25","","1","2021-11-29 20:41:20","2"
"gXam2O3aDPwuJA8ldM7RtZYfY1-7XZNnqOSy3TXfXU3W63r-rSZnxdA6Dawe-8Ig","2021-11-29 20:41:02","2021-11-29 20:41:25","2021-11-29 20:41:25","","1","2021-11-29 20:41:20","2"
"3zv3uWOQrsohC3sSepUDrGxNB4MrOYi4qerqxERc43KjkxTsoFvi_la3WLW2NIMx","2021-11-29 20:41:14","2021-11-29 20:41:43","2021-11-29 20:41:43","","1","2021-11-29 20:41:38","1"
"iGclph7u_BeY8VKj-_LspbNmZ6OryX-RDErCZMdMyjuhbT8-iWABU6sse4HlaPmO","2021-11-29 20:41:32","2021-11-29 20:41:48","2021-11-29 20:41:48","","1","2021-11-29 20:41:44","1"
"oY2Mj2HJ5gRX0AHnm0Dsjh7-1hEfmoyEmhwT0ys-FWPi-950ueWvHDah23u6s2Jc","2021-11-29 20:42:17","2021-11-29 20:42:43","2021-11-29 20:42:43","","1","2021-11-29 20:42:28","2"
"EO8CI0x83KdXVJDhxLK5UYgu4b4BnEiduTAQl9n-BP4lpvtW48pkeMKFU-i0toN3","2021-11-29 20:42:49","2021-11-29 20:43:16","2021-11-29 20:43:16","","1","2021-11-29 20:43:09","1"
"paJNnG1dMlA2y0Pj0cuhfn09B4-QPVXiWlB23rKyvC4QFITxr1sobsKJ6phTztD7","2021-11-29 20:43:13","2021-11-29 20:43:47","2021-11-29 20:43:48","","1","2021-11-29 20:43:39","1"
"PLroWlfvn6uRh2yYPmc-a4kOu9RK9a6t7BhepvKv2BBwy63eKFIN6D3nvlZlCWrK","2021-11-29 20:43:13","2021-11-29 20:43:26","2021-11-29 20:43:26","","1","2021-11-29 20:43:22","2"
"wY0nGnzT_RuPXWELyx1uVNTBaEJBeiCjw4VKyTQ5pcszyBtuf_6IwVgIk4dwKVRD","2021-11-29 20:44:14","2021-11-29 20:44:27","2021-11-29 20:44:27","","1","2021-11-29 20:44:20","1"
"g0oY2dGnwRQOdrUY1naAtx7-3gpirQ_glSFiIdZEXC1tuZmMItWPhgmlnxXoAb3G","2021-11-29 20:44:26","2021-11-29 20:44:39","2021-11-29 20:44:39","","1","2021-11-29 20:44:34","2"
"4SdF7ksf5PGRliQ7DFRy3Icy5A01zY8UqBabB3ILUt0OOqHt_YPmTcGWdfzKEN25","2021-11-29 20:44:27","2021-11-29 20:51:32","2021-11-29 20:51:32","","1","2021-11-29 20:51:20","2"
"n3gwMuYjrZ60ckoLQJvWXm-fS-uLeG5B-J3iHOEn3haernP-b3ep2o4IgZ98Zj_8","2021-11-29 20:44:38","2021-11-29 20:44:52","2021-11-29 20:44:52","","1","2021-11-29 20:44:47","1"
"jXUPC5mhKrE8WWQqsIt4b_fQwIiAhcT4rpJeatrYKbp719C7yN1ZuO1wn7ftNXOM","2021-11-29 20:44:53","2021-11-29 20:45:20","2021-11-29 20:45:20","","1","2021-11-29 20:45:08","1"
"RLsYht1m-WA-rP1fmeeyLvWgQCIbS3OhdqbfAS36LKqpVKUzXj8Jd-ST2Il3vZUj","2021-11-29 20:44:54","2021-11-29 20:45:15","2021-11-29 20:45:15","","1","2021-11-29 20:45:06","1"
"_HZDQFWZ_1YhSE88BpRnAp7En353maT5E7mIVGmSpBCD6i76904qfYpcvt_BNZMz","2021-11-29 20:45:06","2021-11-29 20:45:32","2021-11-29 20:45:32","","1","2021-11-29 20:45:27","1"
"hLpuL2D5G1EO4oJg0tLA-GBfYyqg5YQletDNKqYSKmsJuMJBliW5Lo8efkVwpu6V","2021-11-29 20:45:12","2021-11-29 20:45:52","2021-11-29 20:45:52","","1","2021-11-29 20:45:43","2"
"QxSTDVLI2Np45bDk34IIpdw1kHFGaHhEVexL6cxRkb4glSlRaiTpyycxeR2_p1Bd","2021-11-29 20:45:23","2021-11-29 20:45:33","2021-11-29 20:45:33","","1","2021-11-29 20:45:30","1"
"VZIGUNOAgry70qsKk87xJbjuPhLkVQDgPaLPpb-lXeCiq3CFFkFNrIqAHcV9GDRh","2021-11-29 20:45:47","2021-11-29 20:46:04","2021-11-29 20:46:04","","1","2021-11-29 20:46:00","1"
"BbFWhu5AMNg0px2y5QmcZsbc02agc5Tz2-YlbhiuwYD3B6XkLcZYh0d91FIWDk_H","2021-11-29 20:46:09","2021-11-29 20:47:00","2021-11-29 20:47:00","","1","2021-11-29 20:46:49","2"
"v7kqtmL87613v3efhBQpXpbhhHkHr3yqJtxOJC6Fbs8iRkbXY_hDWwK0L36WKeM3","2021-11-29 20:46:13","2021-11-29 20:46:30","2021-11-29 20:46:30","","1","2021-11-29 20:46:22","1"
"aWBO3eSbPMGGcPxLKNK08xcLAPppCUhknyUeYc8XB3jZ-61SBcxN3Izzmo6m5JbB","2021-11-29 20:46:20","2021-11-29 20:46:43","2021-11-29 20:46:43","","1","2021-11-29 20:46:39","1"
"dxZJEc9iu4bKVfG6oqYWEoEXQAy7LMAQl6pru_kxjPVg1Y5Jb6IwjK77wH2W_FUd","2021-11-29 20:46:27","2021-11-29 20:47:09","2021-11-29 20:47:09","","1","2021-11-29 20:47:02","1"
"nED2AyquLPYkn1A847CcH_jN6i5a89f7Wfz36ResulYjeDzCxzb9Fr5QKHbGt1Ge","2021-11-29 20:46:46","2021-11-29 20:47:00","2021-11-29 20:47:00","","1","2021-11-29 20:46:57","1"
"ZBPtfFDklNElDHFLrj0LMbIxeK7-cyUzNy3UI0Cegb5IJu5zhFgWwaM_D3n-TNGd","2021-11-29 20:47:09","2021-11-29 20:47:26","2021-11-29 20:47:26","","1","2021-11-29 20:47:18","2"
"v6FvgBs4mbDidl7pe26bvggKcHFbjm6AlTlrtiCEeguMqGNVaE7fYHovKhAhElKC","2021-11-29 20:47:17","2021-11-29 20:47:42","2021-11-29 20:47:42","","1","2021-11-29 20:47:36","2"
"vyNUYUrijmYk5AX9zLJhQ2yhOGN980MTu6GgcueaCd9yf2ZekYkLX95ebS27ue8o","2021-11-29 20:47:19","2021-11-29 20:47:48","2021-11-29 20:47:48","","1","2021-11-29 20:47:41","1"
"Fj172OJgYFp2gyeKKrjpsQ-ZLT7YsbLFPSUiKSkSAutxHmFJFi-qgcCdvMcUoMji","2021-11-29 20:48:13","2021-11-29 20:48:54","2021-11-29 20:48:54","","1","2021-11-29 20:48:46","1"
"ITaVIwhEYoy0wWmDu7YJz6iajN-I8ZElI1xyjyj3TQhbqpK5Zg6Dj4nTNQZqo_--","2021-11-29 20:48:27","2021-11-29 20:50:53","2021-11-29 20:50:53","","1","2021-11-29 20:50:49","1"
"VzlhqLe-8YHReUS0BwyuEyayyojx5Ip7AntT62A-ysXjiVfAARe0mLKAe0kx0X0n","2021-11-29 20:49:11","2021-11-29 20:49:33","2021-11-29 20:49:33","","1","2021-11-29 20:49:28","1"
"0rXMhtgAck2IiBeE-6PdFhwXGKPiRBEIQlRh2l7hjeQ85woUkN6ceTixD0Yssyxq","2021-11-29 20:49:13","2021-11-29 20:49:35","2021-11-29 20:49:35","","1","2021-11-29 20:49:30","2"
"q_ZnPyumk8Lf0mPy9hccbfqYjKT_-12Ek0WPKA8jVkQYSRAFcC25ndfBJRBGNDuR","2021-11-29 20:49:23","2021-11-29 20:49:42","2021-11-29 20:49:42","","1","2021-11-29 20:49:35","1"
"9lM8pfmxNTvFqA-HUJ5daj16RE2KFLxHB-K_bnCLFxAed39Y5kJeQhNH4h8HON6w","2021-11-29 20:49:28","2021-11-29 20:49:52","2021-11-29 20:49:52","","1","2021-11-29 20:49:48","1"
"44qHywXON0-__wmwtWPg7q0tI8OplLaCGsNRP0vl1crlbL4tPBwgvt3v2Iwk6h_4","2021-11-29 20:49:52","2021-11-29 20:50:48","2021-11-29 20:50:48","","1","2021-11-29 20:50:38","1"
"VEQQJ2Fbg79Tky2OYWtayUrIj3KaPjfAPBmczN9_VxBdmyXn9jUvxGkWCXDphxC8","2021-11-29 20:50:07","2021-11-29 20:50:29","2021-11-29 20:50:29","","1","2021-11-29 20:50:22","1"
"lB9vZJv4WLlSpRT6yEFzFohqoNE-OerAtk6u_YF5-RqU9KxU-FXxerjz9JYZVyEV","2021-11-29 20:50:16","2021-11-29 20:51:00","2021-11-29 20:51:00","","1","2021-11-29 20:50:50","1"
"HBAVg1WJKSDxz9p-cy913kx2IpNWLGOWUeiwdlGK8Y0WcwUoEUv8fKSlz_YyX832","2021-11-29 20:50:17","2021-11-29 20:50:59","2021-11-29 20:50:59","","1","2021-11-29 20:50:44","1"
"kqI3ycnIWvEwomWEGL5QZ802prNQ0UIw20uvo1_qntS5uoeyulfAMB8QxfISjIcU","2021-11-29 20:50:23","2021-11-29 20:50:47","2021-11-29 20:50:47","","1","2021-11-29 20:50:41","1"
"_-ov7ukWZLABXdpQEzWtbEBeYzZxsLZm3bGOAWuqxxvTawY89fzvpBqNecHiFjwg","2021-11-29 20:50:34","2021-11-29 20:50:45","2021-11-29 20:50:45","","1","2021-11-29 20:50:42","1"
"B6nzFvK3mHYLX9VJFQzqkQ7lwkjeps8qgavsO-BykIPq_-nS3tGC--wqSXBoqkM3","2021-11-29 20:50:56","2021-11-29 20:51:07","2021-11-29 20:51:07","","1","2021-11-29 20:51:03","1"
"2LrSGm9ThrLewkoLgtxBm09NkyOYcG-WU918ysvMjtZaY4TGIMmwvLSYqu63MLje","2021-11-29 20:50:58","2021-11-29 20:51:30","2021-11-29 20:51:30","","1","2021-11-29 20:51:26","1"
"iG-ikDhB4chjwL_J7gvK91kojRwfwr3MB0sdDSXb7fGHNOZL1OVin1mJqebpQ_BK","2021-11-29 20:51:07","2021-11-29 20:51:27","2021-11-29 20:51:27","","1","2021-11-29 20:51:22","1"
"ui6hfti6jDd39-Hyw-Z0K_3un64ak9zt7b9-thV5tWDVPc93Ao2dBXEFuldhG7SB","2021-11-29 20:51:12","2021-11-29 20:51:33","2021-11-29 20:51:33","","1","2021-11-29 20:51:29","1"
"qRRV6vbFIQOc3ES_qjRwJvZ_wpL6jvTU4_Zj08vxja1pWDVSFF1QsNqzXD6C8nEl","2021-11-29 20:51:17","2021-11-29 20:52:53","2021-11-29 20:52:53","","1","2021-11-29 20:52:47","1"
"uiFw0XTC75ap7rBbSTrHPfki3K_YZ7lBSw0JApWNr7Jgc4Qo9WeANRC5XWDRJnUk","2021-11-29 20:51:34","2021-11-29 20:52:02","2021-11-29 20:52:02","","1","2021-11-29 20:51:55","1"
"wRXGrK-zIET4llWfbrWGYxpfmJJF7_h-bXpnHZOt7ewJ42YdbKPdOlcNR84gO0ek","2021-11-29 20:51:42","2021-11-29 20:52:03","2021-11-29 20:52:03","","1","2021-11-29 20:51:58","1"
"8tQpoS3IYNwcbga7DdXaeL4a-R1QJAqBYc4mQuQSbYHZkZBjUi7y7rMePVxXRyAp","2021-11-29 20:51:47","2021-11-29 20:52:08","2021-11-29 20:52:08","","1","2021-11-29 20:52:02","1"
"ygfpgPLlY7mMaaNka7Rce5A2oda5cr-3FttcMROY2oEZoWJ6QjoiBq1GQ3gm6A2C","2021-11-29 20:51:48","2021-11-29 20:52:05","2021-11-29 20:52:05","","1","2021-11-29 20:52:00","1"
"IKGA6c5PdksBQJGPwZAq-O1UGhkE7wQ2XzpU1Y_zQ0NvFplnTksAOuspAMR_D27R","2021-11-29 20:51:55","2021-11-29 20:52:32","2021-11-29 20:52:33","","1","2021-11-29 20:52:26","1"
"mpyk3qcBzejeXzlNNkmmprZ_h08i4m3lI41Y9AneT9QOE452rAfJ8R5RVWJ-r6u1","2021-11-29 20:52:09","2021-11-29 20:52:23","2021-11-29 20:52:23","","1","2021-11-29 20:52:19","1"
"t5kVdIredI9EZOeDGKMP5onK7NF1naih7R5KN6i8C75B6SDIjQTysen3ZlIfRGdC","2021-11-29 20:52:12","2021-11-29 20:52:37","2021-11-29 20:52:37","","1","2021-11-29 20:52:29","2"
"3LCvPNOxqgIBwgDAijEPc6j8qsLPZd_SbQazqPEcHeT-WwVbaZvk7BKDiORUOhBY","2021-11-29 20:52:15","2021-11-29 20:52:38","2021-11-29 20:52:38","","1","2021-11-29 20:52:31","1"
"fhyCz45OQ76AqSLLgTXwGVCP9LE5YOR8kZbTJ9RXFgt81Yht-UBIRACh3NNfSLgs","2021-11-29 20:52:18","2021-11-29 20:52:43","2021-11-29 20:52:43","","1","2021-11-29 20:52:38","1"
"gqtiP1ax3s5kDybwTSWSaPsRYiZPQjz9deTbb3nj3wph_PnGZ80W3i89wyvbwvnV","2021-11-29 20:52:29","2021-11-29 20:52:51","2021-11-29 20:52:51","","1","2021-11-29 20:52:42","2"
"KC4nE2m0EwTmUVa6U8fv01DIB2mgBB4OLrUdvWIUpL7Z3TCXVeHJDESRLK3TQztd","2021-11-29 20:52:58","2021-11-29 20:53:15","2021-11-29 20:53:15","","1","2021-11-29 20:53:10","1"
"Ayk4Dy507YMg8U9jdgR19nKTcvYISTfxx0WsZlkg8Q3sv83tEKtZdH8rScMo9QE_","2021-11-29 20:53:01","2021-11-29 20:53:19","2021-11-29 20:53:19","","1","2021-11-29 20:53:13","1"
"z7K07UCTM1zkQoC0Epq5bcouvbrJGrw1xeeRFLEPT4fdFg0saavV0osUT29px3q9","2021-11-29 20:53:10","2021-11-29 20:53:39","2021-11-29 20:53:40","","1","2021-11-29 20:53:35","1"
"LP_j_eSxdolIv_25u2VGtFGgve0AbxKvN9cFTVJdQujCKEL2u2sVJ7CC6Fxh-rwF","2021-11-29 20:53:32","2021-11-29 20:53:58","2021-11-29 20:53:58","","1","2021-11-29 20:53:53","1"
"E5GoLBREjCtyNecbrnoJFDkArK9w_zHOynVhHMC_Pnv5Y67WNjJNVCo9k1jSg9r4","2021-11-29 20:53:44","2021-11-29 20:54:04","2021-11-29 20:54:04","","1","2021-11-29 20:53:59","1"
"azpXSY2AFGjvcrBROVF6AW8Cz6ckudsOlx3I_FA1eUYdCWu1zF7L-HqejaoFBtJg","2021-11-29 20:54:08","2021-11-29 20:54:28","2021-11-29 20:54:28","","1","2021-11-29 20:54:24","1"
"ApyvNnOs4pf67LyMgoYVZDDdrlXuEfosq5Yr6aX8vxNn6MmsJbZpeuANXQ0wvNMU","2021-11-29 20:54:11","2021-11-29 20:54:20","2021-11-29 20:54:20","","1","2021-11-29 20:54:17","1"
"jkSUx7K0rQIP0JsZBBADHY1oTsH9-TmiWy_YVEvYnY-rQ-GIIgKOJiFo7HyKN0-7","2021-11-29 20:54:19","2021-11-29 20:54:40","2021-11-29 20:54:40","","1","2021-11-29 20:54:36","1"
"Xyt9ozxVDkiYfkbiYlKEegawWhnRdbJmcrzdUt9krYUh-Uxp4U52eYQ-64b3tTuQ","2021-11-29 20:54:25","2021-11-29 20:55:01","2021-11-29 20:55:01","","1","2021-11-29 20:54:57","1"
"8lIeTfPRaRlbYmKMtDJhUn1MjR56hcuxE7WS7TcFN9TV9hc9uu_kcMnRn7coJW6I","2021-11-29 20:54:43","2021-11-29 20:54:55","2021-11-29 20:54:55","","1","2021-11-29 20:54:51","1"
"mT4zSAVOCEsnR0oobuzo0G9Ya_OLAyeT76xSuHtn32bgOIWMAP56udqCrJo47qI9","2021-11-29 20:54:51","2021-11-29 20:55:13","2021-11-29 20:55:13","","1","2021-11-29 20:55:07","1"
"6uubbC2l4cIotp9S6W-4GnhFEjX4jnFcHyei0NzLTj_U6vCgrXilG_geSOu0pM7z","2021-11-29 20:55:05","2021-11-29 20:55:58","2021-11-29 20:55:58","","1","2021-11-29 20:55:54","1"
"RtFLOKeIdoybUGwsmx4vz5F1OZV2w-pzmUmZa4r_ATsJXEzpgJowHwL_vnaTHHop","2021-11-29 20:55:19","2021-11-29 20:55:34","2021-11-29 20:55:34","","1","2021-11-29 20:55:28","1"
"wi01FwC24qVtHeR-4MpF1HTHqnvaMO6MIOdFrw2ZkLA-My-1gChhkr50dx_nIeMd","2021-11-29 20:55:30","2021-11-29 20:56:09","2021-11-29 20:56:09","","1","2021-11-29 20:55:47","2"
"XtmxRZDS0jMB1Nm4Z8lIWBz3o5n_21VnmmgyMdc4p9iNxzkwk-RPnr41uODfrvVK","2021-11-29 20:55:32","2021-11-29 20:55:53","2021-11-29 20:55:53","","1","2021-11-29 20:55:49","1"
"JuNOBpDZmZZyt_6_gAUL0HhaQIDMFZaT9mVjh87HAdNHQ0Zng-uaA6Uk50nZ8EqN","2021-11-29 20:55:36","2021-11-29 20:56:06","2021-11-29 20:56:06","","1","2021-11-29 20:56:02","1"
"TLuXoF7XwPVkPcUse1YnN6_p9FdM5rC4hMbmJe7rK4yEG-QlVWDoRH75JBIjKHlu","2021-11-29 20:55:37","2021-11-29 20:56:16","2021-11-29 20:56:16","","1","2021-11-29 20:56:11","1"
"IpZWSYD_iqFgkls7sSQ8FZ5CxeX8aZEf7HvtG2vfrTt1kLDjrSVAtk8jp4ixtMK4","2021-11-29 20:55:49","2021-11-29 20:56:30","2021-11-29 20:56:30","","1","2021-11-29 20:56:23","1"
"dTp3akJ5JgR2v323gA6Gc4zXwOQIyR_AOoQqJmFZGh71MMstxrwL__fGGQGDutV8","2021-11-29 20:55:52","2021-11-29 20:56:11","2021-11-29 20:56:11","","1","2021-11-29 20:56:03","1"
"XCUQIbRjPE0Bp582wRKuDhi1XdLheHUysr16q2wSeMtKXQrKWziqxba4ye6_royU","2021-11-29 20:55:55","2021-11-29 20:56:24","2021-11-29 20:56:24","","1","2021-11-29 20:56:19","1"
"QQ5OPFj8aTxuQsUZujyXcbyUzJuXPAgF4xijMceY-k_UrjRBkmtbDOZQ93ij94VL","2021-11-29 20:55:56","2021-11-29 20:56:09","2021-11-29 20:56:09","","1","2021-11-29 20:56:05","2"
"D904mr2NI0BzXxv9aHV7LdLB_j_QU5-qRq_R3MaeAOvOLGZwysgH_z7Goy_oyJsf","2021-11-29 20:56:08","2021-11-29 20:56:22","2021-11-29 20:56:22","","1","2021-11-29 20:56:18","2"
"_FVjjISquY-rWClgJdwINjWf82tV_UXCqurxTCPNegaNT1ORTGQy0ogIkU2M8lUr","2021-11-29 20:56:09","2021-11-29 20:56:19","2021-11-29 20:56:19","","1","2021-11-29 20:56:15","1"
"hbQ2Q2y1zVuSgF2a4pEgYaZZmtgJBPGynzVDWFw4T5ba9HwGSLVuS4kQhYOKwT1i","2021-11-29 20:56:19","2021-11-29 21:00:24","2021-11-29 21:00:24","","1","2021-11-29 21:00:18","1"
"lmgJMP8ZY0IzAd3MzJ3nC7MS-w69COhJCOn2ASbLQIVDu80lVbUYwNkyivPRWdrg","2021-11-29 20:56:22","2021-11-29 20:56:50","2021-11-29 20:56:50","","1","2021-11-29 20:56:44","1"
"u4y5AbObnbhxa2BN1C66fem-qf27fqOrmER_UUqE50V0xW1BVZBDkzgQ_M1etmeR","2021-11-29 20:56:26","2021-11-29 20:56:56","2021-11-29 20:56:56","","1","2021-11-29 20:56:51","1"
"k7NkIeEXcE_GAnLVm_XvxwiD4XzPcHn1-jeotMut9psHRVxkqn2Bz4JG_Qfz5NBU","2021-11-29 20:56:29","2021-11-29 20:56:46","2021-11-29 20:56:47","","1","2021-11-29 20:56:42","1"
"5xBm5uuN1NLxStc2mUkzD5s3QdgeoCWh5VGliJp6bZl5wthhydZXYqRl-37cXuah","2021-11-29 20:57:03","2021-11-29 21:03:28","2021-11-29 21:03:28","","1","2021-11-29 21:03:19","1"
"rcEpbrYcxYozuUvQ6LKcgbLDt0Dj-g5YMMnURc1B8PAuEjqqiBkWjnyw5mxAaa-X","2021-11-29 20:57:05","2021-11-29 20:57:26","2021-11-29 20:57:26","","1","2021-11-29 20:57:18","2"
"vxPLU_lfdnTKX8M3Kzm2-IKTzXSn74XRe8Q8ZGPj9qOJ0SAZq-_owV3IjgbX0lar","2021-11-29 20:57:20","2021-11-29 20:57:41","2021-11-29 20:57:41","","1","2021-11-29 20:57:36","1"
"TsNpPRjOIg-yqSLa4B2sj4MY0SGaMDdJgK6iv-m0nIF7oR7b6_zHaBcD_zGUf11D","2021-11-29 20:57:22","2021-11-29 20:57:48","2021-11-29 20:57:48","","1","2021-11-29 20:57:44","1"
"TirHhR_TF-MsnEvdwKVP3Cr8zauNU3TnqwZg9KrfzDGU61q2-6N0UrprInDVTWWx","2021-11-29 20:57:23","2021-11-29 20:57:39","2021-11-29 20:57:39","","1","2021-11-29 20:57:35","1"
"SZTTKCHc4Y28JOSekRuYgAOzdk3XDVMD0ecYDMxH7ZiSsl9-EWfJ_OgPp3dnnWU0","2021-11-29 20:57:26","2021-11-29 20:57:43","2021-11-29 20:57:43","","1","2021-11-29 20:57:36","2"
"DykanfVe5RUjngJSuGU0Yb37j-U27yYF_zlGwswBhBEJl7B5v0KjXAegJsRMgxFT","2021-11-29 20:57:34","2021-11-29 20:58:05","2021-11-29 20:58:05","","1","2021-11-29 20:57:58","1"
"S8UlMZ_90wG0P_XX-6D19l3bRYNARo-p9lIsZCbInO5HPTkkIUEOvjrMmq0QTsjl","2021-11-29 20:57:36","2021-11-29 20:58:10","2021-11-29 20:58:10","","1","2021-11-29 20:57:57","1"
"21YDV3wuMS28-mhG2qjZmK4RH8m19DSebmX7-C56QdHyjd-bNNSI9CXRpk9XsYI-","2021-11-29 20:57:46","2021-11-29 20:58:08","2021-11-29 20:58:08","","1","2021-11-29 20:58:00","1"
"HUb8qzZGtNDtcwq6dURWheVSdatuA83VSy3frd2GWovZdOKWrreIp0lXelFieYRP","2021-11-29 20:57:46","2021-11-29 20:58:17","2021-11-29 20:58:17","","1","2021-11-29 20:58:13","1"
"3CBSaqeNgJhRaQ6Zds2Jhp8OFzyV0oh1iMy1hjv_MzFuNQpNn835G_xOKIoZbysp","2021-11-29 20:57:53","2021-11-29 20:58:05","2021-11-29 20:58:05","","1","2021-11-29 20:58:01","1"
"GozkmcITZwheMOK9mR9TEYHevmaV-NjIqzA6DvpcG-TcI5GCho53FUyDPHotMamM","2021-11-29 20:57:54","2021-11-29 20:58:03","2021-11-29 20:58:03","","1","2021-11-29 20:58:00","1"
"2JzKFh18Yf0FH2SYUDAP5sEEtFp_yYb40Ydxqc6cpJNKu1iebMq4cnsBQ5YgdMa_","2021-11-29 20:58:03","2021-11-29 20:58:28","2021-11-29 20:58:28","","1","2021-11-29 20:58:24","1"
"TrFRClUszY7PsQUOd42xW35eFkzWbcuSfRzpK6R3UtwBxXwrH6xwcC6qH6Y4a02G","2021-11-29 20:58:04","2021-11-29 20:58:25","2021-11-29 20:58:25","","1","2021-11-29 20:58:17","1"
"mXsUD5KR6T4ueYrGRyf0fqib-lS3DnL6Zav1xsgRNi2WsZK0ZfxtqGaygGXj8Ga2","2021-11-29 20:58:22","2021-11-29 20:58:35","2021-11-29 20:58:35","","1","2021-11-29 20:58:31","1"
"8-tw9jW1z1gGRjX8De0Uw8WQ36S9IuGEZGP_EKXzVcyTLy_VyX7wb9E3Btuvo64F","2021-11-29 20:58:46","2021-11-29 20:58:59","2021-11-29 20:58:59","","1","2021-11-29 20:58:55","1"
"Zs0p3WSh6v5bFbIvpy3CG9o70p2zEe7RnJDCNzrB4DlitvIy9u0IYJM5TnLN7oOP","2021-11-29 20:58:47","2021-11-29 20:58:59","2021-11-29 20:58:59","","1","2021-11-29 20:58:54","2"
"2Spkc0QhJOrOaIdPjIsOGSAp3jYCF7zKvmrDIf4Vt5Rbhim4s9PNNL71keWLBr0z","2021-11-29 20:59:11","2021-11-29 20:59:29","2021-11-29 20:59:29","","1","2021-11-29 20:59:22","1"
"B7sdkWHB8wK9nDB9a9mBv5xQGndZ9Siu8YDRcLyDz4P09dmMAMogzwJ9rDzjy6YS","2021-11-29 20:59:18","2021-11-29 20:59:42","2021-11-29 20:59:42","","1","2021-11-29 20:59:37","1"
"H9sDzChXuqK7xbZpj8TWLt-2T-fpA4IEzN0-Iwsq0Lixtw6xKj7qx-cwhh5l7Jon","2021-11-29 20:59:19","2021-11-29 20:59:44","2021-11-29 20:59:44","","1","2021-11-29 20:59:30","1"
"le7WsVD0xGSxz2aBepfgL7Z129WCZrfdLhj98VvTY3KpyG357aN0weeomVZRebJK","2021-11-29 20:59:20","2021-11-29 20:59:46","2021-11-29 20:59:46","","1","2021-11-29 20:59:41","1"
"iG5odxo5lEi33M2Ql-cXkO54tOUsPR2g9WBJVTtg2EAfssJCzwvij7iHXNRvGoyr","2021-11-29 20:59:21","2021-11-29 20:59:42","2021-11-29 20:59:42","","1","2021-11-29 20:59:35","2"
"u8D2rrqx7JPnmGtVXfIOuOV4LHagyU91gjYnI68fJ5AoVNGNE665okwjuX84d3bh","2021-11-29 20:59:28","2021-11-29 20:59:41","2021-11-29 20:59:41","","1","2021-11-29 20:59:37","1"
"t-SAcspwpPCcqPXCeWDH5wWYxCxGyFBBN3XB0QyuTnOh-2-W3WjH-BIB_a9EG4yc","2021-11-29 20:59:29","2021-11-29 20:59:48","2021-11-29 20:59:48","","1","2021-11-29 20:59:41","1"
"nire0m2RxR9U74q2jgj-fB05qkXZS7FWh2_iAh2Lgg8WC03ppZMNaLA0wcNxZAL-","2021-11-29 20:59:44","2021-11-29 21:00:17","2021-11-29 21:00:17","","1","2021-11-29 21:00:08","1"
"amb-IMm2-I66-1wgl1kae2qjBhHkWOd9b-8y18j84vfPmdKDQNzeJdtA18sKXhay","2021-11-29 20:59:46","2021-11-29 20:59:57","2021-11-29 20:59:57","","1","2021-11-29 20:59:53","1"
"rPQxuxCVK3wBO7Ys23_SF_O-5wdlI4Y6YCzTbIM9m7Ng5u4LOqlPMMuR2bRw5jrL","2021-11-29 20:59:49","2021-11-29 21:00:15","2021-11-29 21:00:15","","1","2021-11-29 21:00:07","1"
"Z3Ix0GrXXuKdeHrsaOfVXX6r00S5TMSzpdAliqgHkEvQprS9WZ2R5svAS1u8TLvb","2021-11-29 20:59:58","2021-11-29 21:00:19","2021-11-29 21:00:19","","1","2021-11-29 21:00:16","1"
"nn4rh2T_86F0GYSUQQ-WcZ0-XxuxyaTgFljKetB81pkyvDi22GvoB23hYvtzrlTB","2021-11-29 21:00:02","2021-11-29 21:00:18","2021-11-29 21:00:18","","1","2021-11-29 21:00:14","2"
"bscOTzSCNufnNMH-0ViYPqejzjr5l7SSipeQMxCj_a9RlA4S3AcKWJLzH10ioSvh","2021-11-29 21:00:03","2021-11-29 21:00:31","2021-11-29 21:00:31","","1","2021-11-29 21:00:27","1"
"R3wkASZhsWkOujUiWqPqfn6PSE3YY5WfDDaocpfV6Dl-DzmI9PqHLlZxYcdVwvhe","2021-11-29 21:00:04","2021-11-29 21:00:31","2021-11-29 21:00:31","","1","2021-11-29 21:00:19","1"
"IIoYInm1QmkERphE7MonyWz-_iuPvsXub98yf6n_5mc8mds92Qq_fAp4Ry262LT7","2021-11-29 21:00:11","2021-11-29 21:00:28","2021-11-29 21:00:28","","1","2021-11-29 21:00:24","1"
"i8W4DcWybf6VOgsimKB9D2neUdkOYlcA3MwfU0yeXn69LoV1kB0uvEVu2jGtLcPO","2021-11-29 21:00:12","2021-11-29 21:00:40","2021-11-29 21:00:40","","1","2021-11-29 21:00:30","1"
"Orqmhs35sZW1FN50LpCWGFBH715l2D_hhviIO_T9_PS6pbCR5Hy2t7o_enD5B5AB","2021-11-29 21:00:13","2021-11-29 21:00:26","2021-11-29 21:00:26","","1","2021-11-29 21:00:23","1"
"wP9k_QGnx268rZN5xVT18_0RTkDQ5uxgAfaA8kmSVCN8gGBhkjUqQq-N5UZTt_iN","2021-11-29 21:00:22","2021-11-29 21:00:39","2021-11-29 21:00:39","","1","2021-11-29 21:00:36","1"
"xH9MrhNeWnIZaAbpp4_OLz3feOoyzQ7SsEJdlvmN6PdPTDQKs98_tY_kbKIkQPUN","2021-11-29 21:00:35","2021-11-29 21:00:55","2021-11-29 21:00:55","","1","2021-11-29 21:00:50","1"
"C1WLe9LQ7UyyMZv_IeFWyx97o66QmEBXqZ9CRmVZOkj0JSHL4YFhk2tl5uNbQDJ-","2021-11-29 21:01:05","2021-11-29 21:01:17","2021-11-29 21:01:17","","1","2021-11-29 21:01:13","2"
"xwdudkfJj-mL99mco3bKlB_Y_3TSkuvMreHCN1Db2HZkIWBppDR1eVNH4mtgL999","2021-11-29 21:03:19","2021-11-29 21:03:57","2021-11-29 21:03:57","","1","2021-11-29 21:03:45","1"
"zxtzfyPx7jTTw5bcMsl0pTyfawsV3xleXoOEHIbmLjCv7kmOh-sB0Tg4mSya6jwy","2021-11-29 21:03:21","","","","","",""
"QRHqtgynnLRXLNXMhW86BGpKvdctwF78QUUUZpNPMcfNBfgGp-N1xhas0NwG6say","2021-11-29 21:03:21","2021-11-29 21:03:55","2021-11-29 21:03:55","","1","2021-11-29 21:03:48","1"
"FysGynAux84r5RsMkujqnITO3KHAj3f6Nzsj9MkjzJKBQ0KTzEFAAxxPfkisg_my","2021-11-29 21:03:22","","","","","",""
"6H-3vNiaTNtTc8w8ZfGTqYSZlzbXrFP308KEmoTmw-kJe79QNOYUvf0s32yts2NW","2021-11-29 21:03:22","","","","","",""
"_C7KBC-TIBFgjbTKa2XZJWtLv0wDDpHYKf4Ja83pjpwM3QYECpou_NujjfNPbk6D","2021-11-29 21:03:56","2021-11-29 21:04:09","2021-11-29 21:04:09","","1","2021-11-29 21:04:04","2"
"Iyf48MNBsQa-nu_wzgDr3VqJmHImF2KYx-zAc_O-WZj7C7B631UlXnmwpVAlwfrD","2021-11-29 21:05:38","2021-11-29 21:05:53","2021-11-29 21:05:53","","1","2021-11-29 21:05:45","1"
"Xxf9Ys9XBfyiodhWRaogd10fwUlUi0hhvtbSSEzJKnXwmmi5VpubywacPvf4j-xi","2021-11-29 21:05:40","2021-11-29 21:06:27","2021-11-29 21:06:27","","1","2021-11-29 21:06:22","2"
"w_aH38KbRjowt7RIOj9Yz107pAAJwiGHUAK86Uw298Uew850l323j3pG1_rfzwA2","2021-11-29 21:05:59","2021-11-29 21:06:19","2021-11-29 21:06:19","","1","2021-11-29 21:06:15","1"
"dPZ01Axkhu-UTTNKsL_swmvUVE58zOWRA4XU2aQfDYs-zbQbF01dma_qv2hhmaZo","2021-11-29 21:06:04","2021-11-29 21:06:16","2021-11-29 21:06:16","","1","2021-11-29 21:06:11","2"
"z0BQZYL37IdPJbVxfTqYxDwk3PR4xjpM41htS6Wds3of_vyyQKRBjAgj_Qzcdbck","2021-11-29 21:07:44","2021-11-29 21:08:00","2021-11-29 21:08:00","","1","2021-11-29 21:07:54","1"
"CwNXCennM5qJOkiWwYhhFnwuAyOjtCYiOIu1L-HhZR0e-sjUBJjcmGYupUl6ZRdW","2021-11-29 21:08:36","2021-11-29 21:09:09","2021-11-29 21:09:09","","1","2021-11-29 21:08:59","1"
"1VV87Nm_bay1jRg-dfxBd6ZnIO3OBMNzO_dmxp-lyAYmoYBIVwsUBxX0UU2rwOWn","2021-11-29 21:09:00","2021-11-29 21:09:11","2021-11-29 21:09:11","","1","2021-11-29 21:09:07","1"
"JiWZcJWI6czOP6kNLyXaUMpj3m2Iy6eqz6QewpGEloC3Q92mOg38RisU8UiSfywp","2021-11-29 21:09:10","2021-11-29 21:09:28","2021-11-29 21:09:28","","1","2021-11-29 21:09:24","1"
"HuaN2i0li-_6IT-t2wihmIbQriOfGMkYhOsp4c0d6Z5UEiP9QP0Yjt0aU37zlQYY","2021-11-29 21:09:25","2021-11-29 21:09:35","2021-11-29 21:09:35","","1","2021-11-29 21:09:32","2"
"ZLQh1xcvUmw2jEfD6TnZwV5KqbH44bnUB_wyTZ40UIuFHkM2PzxaB4g5CFGBU7Gb","2021-11-29 21:09:51","2021-11-29 21:10:39","2021-11-29 21:10:39","","1","2021-11-29 21:10:27","1"
"05g35QxlxOSGGcguEk4gmqOAh7HnvMOAoSCUhI5cJOtlj0O0QZ1gqvx2d1jfUGSN","2021-11-29 21:10:57","2021-11-29 21:11:08","2021-11-29 21:11:08","","1","2021-11-29 21:11:04","2"
"IOoiFtqjcVFZ6NgR2sV3x8Y6gQd-uJ6Pr_aBw66MvF27Q8VSSx536SPwse-7gqsM","2021-11-29 21:11:23","2021-11-29 21:12:01","2021-11-29 21:12:01","","1","2021-11-29 21:11:54","2"
"82MbYQiA6mxQ6oP6x_SFh-mOlsc16OEKVxZFOBpAjub_JlPkURdiTf_c3x_v1n5N","2021-11-29 21:11:29","2021-11-29 21:11:55","2021-11-29 21:11:55","","1","2021-11-29 21:11:49","1"
"wDR7ep5WsNnCwM5_6V7Ny0y6qZUlEjGsxt3W65S0GZdPbzWuxJPd3DElui_gBAFR","2021-11-29 21:11:41","2021-11-29 21:11:59","2021-11-29 21:11:59","","1","2021-11-29 21:11:54","1"
"611BfWrYxm_jtgc2AavyKWDh2aFgZQJx8CGhapnM5qEIiUha0q0uSnhqDgGfbowA","2021-11-29 21:11:57","2021-11-29 21:12:26","2021-11-29 21:12:26","","1","2021-11-29 21:12:20","1"
"c3zBbga7JDxsLU0PIFc5YzIZN3YdaYDwGamoTDxwd1u68e6nBCPhbtgbXrhckHvn","2021-11-29 21:11:58","2021-11-29 21:12:14","2021-11-29 21:12:14","","1","2021-11-29 21:12:10","1"
"_IMCTGQaiSJxXW-cKn7m0Chmu_Z6Nni2ArCmrk194RwAQiS5rCmQAh-zOZNLGE0-","2021-11-29 21:11:59","2021-11-29 21:12:19","2021-11-29 21:12:19","","1","2021-11-29 21:12:14","1"
"1radhJt7q6cuW-PFz57gdRWLsxTCj4c5tgH0_H3yXxI0zSVJ49eVqZwcSGLxGbQS","2021-11-29 21:12:40","2021-11-29 21:12:50","2021-11-29 21:12:51","","1","2021-11-29 21:12:45","1"
"NG-ySyJaGF5CiftUSuX4RTMqiaO8ZCEyxXbrFgQNKxxsyx0TfZ91pnx8U5dV09br","2021-11-29 21:13:43","2021-11-29 21:14:15","2021-11-29 21:14:15","","1","2021-11-29 21:14:02","1"
"o9apT68z1uv4EpsjwZl-DoZ7QXb6lLOX9CQCu7wyK8q9FpP9_9iodl8IJamQSwxd","2021-11-29 21:13:44","2021-11-29 21:14:21","2021-11-29 21:14:21","","1","2021-11-29 21:13:52","2"
"3REFBRrJGR4AWbW0Ks0RTObb8UT4zTOnyE0INawwEvnETZQiEnboTmQcWPdL30N5","2021-11-29 21:13:47","2021-11-29 21:14:04","2021-11-29 21:14:04","","1","2021-11-29 21:14:00","1"
"9YkY4g86K9cEmkyxzQgpn46_Oo4qlYEsi4FsDYx7uwbNmaF1_FzZ-55h0L5Z2MTm","2021-11-29 21:14:08","2021-11-29 21:14:25","2021-11-29 21:14:25","","1","2021-11-29 21:14:18","2"
"8s_U3zhH-KeDFOdbON3uHDsjjBnT2mHSF0D-cy7divnUA4bsTWyvCVQW-8vV9FpM","2021-11-29 21:14:17","2021-11-29 21:14:58","2021-11-29 21:14:58","","1","2021-11-29 21:14:50","1"
"5wh-z28HBH-KKQWEvAz0LDo1N2xUwEtuLBh6upkhQ0F5ZbmTYBySB4re4JNPrz0u","2021-11-29 21:14:21","2021-11-29 21:14:51","2021-11-29 21:14:51","","1","2021-11-29 21:14:47","1"
"BaqocXl1eUEMVcajWj-vLywf7kiBIygCcTZMACCd_BpJGjY1gtrJDeV-PVEqDcmi","2021-11-29 21:14:48","2021-11-29 21:15:05","2021-11-29 21:15:05","","1","2021-11-29 21:14:58","1"
"Cf2_vW_hcQWsMubRrF8PCk0cGCBeTcJV5IW5mJxB_w6DKziiy_Gp_Se6AetCF9vT","2021-11-29 21:15:58","2021-11-29 21:16:25","2021-11-29 21:16:25","","1","2021-11-29 21:16:21","1"
"8zfUoB58SvKoYkyT0L4vOx4A4U30vRdFJaGEt2ivGVZRn-ps_-QD2n8NBRfPXXlc","2021-11-29 21:16:09","2021-11-29 21:16:24","2021-11-29 21:16:24","","1","2021-11-29 21:16:18","1"
"QRFpefPqtPrJgdfRAGUKAdCg_-VuV9Qip8NIJGH-mF1-xqD_CXsATgi10V56VRpc","2021-11-29 21:16:45","2021-11-29 21:17:01","2021-11-29 21:17:01","","1","2021-11-29 21:16:55","1"
"ZK_Kx5uecQoR9tNpJEo00dxf0DZn74AencXN9Du5-CfbC8KSgNkMS1omFcFl7E8e","2021-11-29 21:17:18","2021-11-29 21:17:37","2021-11-29 21:17:37","","1","2021-11-29 21:17:33","1"
"WL9QVkSxyNP4X9ff6ugt4ybePY8VoZngqZD3J2Jx6zWMVQzKD7RxuX_pmfcoqAQX","2021-11-29 21:17:35","2021-11-29 21:17:46","2021-11-29 21:17:46","","1","2021-11-29 21:17:42","1"
"MlWD8agVgcYN9H0I7pu4FFwqAOtDjZW8ObI-u0CMYDpUxgK6MngJZbQhh61QXs9v","2021-11-29 21:18:06","2021-11-29 21:18:25","2021-11-29 21:18:25","","1","2021-11-29 21:18:17","1"
"ftX-AAY7f0F0hhQnN1vTeOIB_A0e_axkDmFKYb1aBECqSqXGI8SOmbdF44xuNhCJ","2021-11-29 21:18:32","2021-11-29 21:18:49","2021-11-29 21:18:49","","1","2021-11-29 21:18:45","1"
"pIrGc7CHJYGowXTWeXxAXwxXHCjQIulBc75QFcGO1WZ8ItqxAKcOPCDOLArPIUPE","2021-11-29 21:18:41","2021-11-29 21:18:57","2021-11-29 21:18:57","","1","2021-11-29 21:18:49","2"
"-AeyZumHXQq_rdL9pxsFk_VBWhDoYRqcSyXDsdV2Ew9hM76ztUFH0eKIP5jMeZTB","2021-11-29 21:18:55","2021-11-29 21:19:28","2021-11-29 21:19:28","","1","2021-11-29 21:19:22","1"
"gO1hJjdDg1hBnQ3kG1frJYJvOkn_Fh6qfearvMPEaELlgoE9wipc_C0tenYoFnUh","2021-11-29 21:18:57","2021-11-29 21:19:07","2021-11-29 21:19:07","","1","2021-11-29 21:19:04","2"
"hWwD8-ImbcbYB6toeoo9gN2ujNpKIF-AzYu4MHUtNWPMnffLmEThn5F39TTyzwRU","2021-11-29 21:19:11","2021-11-29 21:19:34","","","2","2021-11-29 21:19:34",""
"wYjL8j7OxojUPK2FvW5_urrRMEuPB5T1WROcc_MgnkZHDJCiUrAHdbayGIHY8s6F","2021-11-29 21:19:48","2021-11-29 21:19:59","2021-11-29 21:19:59","","1","2021-11-29 21:19:54","1"
"9s86ux1fOLJHSIFxw4JkTND-xrIRPUD3-9Q7avOcdsob_NydC2Hp57BQs6mBsNwR","2021-11-29 21:19:56","2021-11-29 21:20:08","2021-11-29 21:20:08","","1","2021-11-29 21:20:04","1"
"nhdSDCozrRSbris6redd3eBip3vTFlsqFgdKY4UzFawyEDKNsxwOT9tgNuu0w4-Q","2021-11-29 21:20:07","2021-11-29 21:20:25","2021-11-29 21:20:25","","1","2021-11-29 21:20:18","1"
"Re0XBRGkKbvLIBid0yLaYEBrQI5Pr-Gcn-Qd11H3XZNhsOqlJGaKOJYWQ6kqE6Dk","2021-11-29 21:20:23","2021-11-29 21:20:50","2021-11-29 21:20:50","","1","2021-11-29 21:20:40","1"
"b8yGFDLZ6S6VY_2OZqn5uBNCOC-B5QpOYHJOukf958h5pppXrSCfjY-5fBEU-LHR","2021-11-29 21:21:46","2021-11-29 21:22:32","2021-11-29 21:22:32","","1","2021-11-29 21:22:28","1"
"ZI1n_bVbMhdDJKV20TdkPfWs4ojSXFKVIm1RMnCzmHikBzQfjxWm9jyF3M4OMh04","2021-11-29 21:21:58","2021-11-29 21:22:11","2021-11-29 21:22:11","","1","2021-11-29 21:22:07","1"
"UzaGJsL26zEN1u9rrJpwQLiFEOmxfNwnzGDDkkL6V2CfA4R96SuegTjd0rEGHp3h","2021-11-29 21:22:01","2021-11-29 21:22:17","2021-11-29 21:22:17","","1","2021-11-29 21:22:13","1"
"-Gb4GeHOapFfj-fyW2Z1LtwzeQO4AwBPjrvo9u1ORD48Ox04RUysHGxgoUI8ka3Z","2021-11-29 21:22:19","2021-11-29 21:23:43","2021-11-29 21:23:43","","1","2021-11-29 21:23:19","1"
"EcasxUo1QKAcUl-gc7Qi_9Tid40FvQsW3Cj7a37_fHhEtYmtYEA93qxaRz8W_uv6","2021-11-29 21:22:29","2021-11-29 21:22:48","2021-11-29 21:22:48","","1","2021-11-29 21:22:41","1"
"Y37W5wVJVYdcv4iL1kPGJ206M19lNNLfq-umgz8W_WLp5F-NILggVso4tF5M-Nzt","2021-11-29 21:22:29","2021-11-29 21:22:41","2021-11-29 21:22:41","","1","2021-11-29 21:22:38","1"
"Hfr6TwWLlmSUZazMQVJFNxC4YAbkI2u3-zVxl4YZK5QP7bmgvhgCx1MS7uQhyLnu","2021-11-29 21:22:53","2021-11-29 21:23:12","2021-11-29 21:23:12","","1","2021-11-29 21:23:05","1"
"kuOCkyXGPVZxDZhfhFGcKVq2yiFT14RI2XujhEEt6GCsy68KxruXVzBkq8GTImyb","2021-11-29 21:22:55","2021-11-29 21:23:22","2021-11-29 21:23:22","","1","2021-11-29 21:23:15","1"
"sU7KdEKxmNvS9pZj7qRhacIxAwMUusbvwZMfAHpywD0sc4FTN6tibTdg0w2OjmXF","2021-11-29 21:23:10","2021-11-29 21:23:40","2021-11-29 21:23:40","","1","2021-11-29 21:23:32","1"
"UPB_rshVB20Szv08x7QzLqkw5aX3ryhusXF04DPt06zYmBeYniFGQwda2s1kXis3","2021-11-29 21:23:11","2021-11-29 21:23:32","2021-11-29 21:23:32","","1","2021-11-29 21:23:27","2"
"Rba9ILgP5qVjt0L5ap07RDKyX80q9UfvAB4kCYA5QFOlP1fPfRtrZUT4nAreOHFR","2021-11-29 21:23:15","2021-11-29 21:23:49","2021-11-29 21:23:49","","1","2021-11-29 21:23:40","1"
"cQleYH1m6BUaNHklgSj6a7tNYp7_aTmkMYLwMUHXoLp2QRGeFsarMvyBFykE6I_8","2021-11-29 21:23:16","","","","","",""
"dle2kzVgPjCEcGSdhEIinqGATa5zmAst_gbJOZ7wmItp8Q3oFXTFHScf0I4v0t-0","2021-11-29 21:23:22","2021-11-29 21:23:33","2021-11-29 21:23:33","","1","2021-11-29 21:23:29","1"
"nvwSsn2uVhvJbfmnceh5l__HeFIKxOldnFV9h7UmVRvbbDyklX8RNHeCamfXDrqw","2021-11-29 21:23:28","","","","","",""
"jqznv6FvTAmB058pWpjDDXvSrYKbRro7is2WLExQsRKrZ27UwXBJhCOKiqYONzaV","2021-11-29 21:23:46","2021-11-29 21:24:08","2021-11-29 21:24:08","","1","2021-11-29 21:24:02","2"
"5zTS3wiIQax7ElsVYtZ8RQN8rDa29JcGVLlEkT6cl_cxqtFCGdzc10pnzaD_zLkF","2021-11-29 21:24:10","2021-11-29 21:24:17","","","","",""
"Lik36cdDL0i6_Zdz27dQ9fcdNebUYZuYyumlzxVlTr1VLZubRJWfL8wiztQ1xJDE","2021-11-29 21:24:15","2021-11-29 21:24:28","2021-11-29 21:24:28","","1","2021-11-29 21:24:24","1"
"eYurGP17KQnk1TJxdO5JwYMSoS3kG4VqCZ81FEx0uTQhN7ylOrKSRPcCu9ZkUdDa","2021-11-29 21:24:41","2021-11-29 21:24:56","2021-11-29 21:24:56","","1","2021-11-29 21:24:51","1"
"ssGJd1d0IAuoa7TNbhrQaElGdbbD2Gj5cgvVUFcU3ATnUsRsY156WBvc0awNFIHq","2021-11-29 21:24:54","2021-11-29 21:25:05","2021-11-29 21:25:05","","1","2021-11-29 21:25:01","1"
"O1YbyWOznGHJ6twoSqYChB9qN-FJTbMWxlMBCHRFDxZh6b-cQRV7nT69Nq9trZe0","2021-11-29 21:25:09","2021-11-29 21:26:18","2021-11-29 21:26:18","","1","2021-11-29 21:25:49","2"
"A7l3oTYjQcrO0xqfQda5KnoQdcmzv4EZKNY1nSfBkz3dxl4A6K1bW1lBkrN9mTlF","2021-11-29 21:25:25","2021-11-29 21:26:06","2021-11-29 21:26:06","","1","2021-11-29 21:26:00","1"
"23NTnlchiA8TEqYWgVSijkSecUND-TXHYN4fjS7Q-MSoWegbZIIXmT1snCqpXHoK","2021-11-29 21:25:26","2021-11-29 21:25:46","2021-11-29 21:25:46","","1","2021-11-29 21:25:43","1"
"1qMQbMiv8fdSFoZ0vO6UX9J9B8BG9pJ3vdJLqMlmMeTou4ez_BeSaj6JFjzz3463","2021-11-29 21:25:32","2021-11-29 21:25:45","2021-11-29 21:25:46","","1","2021-11-29 21:25:41","1"
"fs7gu489bShFvtM9AcAPog1tAQZzq5hrE2VBPwbX9HmztM9ucLJL17a3YZ1P_3z0","2021-11-29 21:25:35","2021-11-29 21:25:53","2021-11-29 21:25:53","","1","2021-11-29 21:25:45","2"
"zciwaATKqJnfvoUdk7sSzuEggTJCmBObMfoI3_LdJMoLUqSXiPwcq5uoMfq2FbkH","2021-11-29 21:26:19","2021-11-29 21:26:43","2021-11-29 21:26:43","","1","2021-11-29 21:26:38","2"
"VwI4TbZCV-Rvl4M6z0nUANB_64YFVilsMtZJdH92JqimH91udJxt60XEx8zr3Tew","2021-11-29 21:26:19","2021-11-29 21:26:39","2021-11-29 21:26:39","","1","2021-11-29 21:26:31","2"
"RwOMG4fohaVznuQPoFk8L8e_O-sOXmfkBzLdLlEz1x1pB4Sqqpgfiejv2mFLXf8V","2021-11-29 21:26:27","2021-11-29 21:26:36","2021-11-29 21:26:36","","1","2021-11-29 21:26:33","1"
"o7hFd1MP_FqgzSKEsi4RzCx5PsnlpAHGWmuSkIgIlS2CW1DxCfszsqesKED_GHDb","2021-11-29 21:26:34","2021-11-29 21:26:51","2021-11-29 21:26:51","","1","2021-11-29 21:26:47","1"
"9Uo21pK_Qf743cdkgOvOWTXk1VZop9ekkbRDtbUUf5gts4x-liXLv5UFZRTcRhvn","2021-11-29 21:26:35","2021-11-29 21:26:53","2021-11-29 21:26:53","","1","2021-11-29 21:26:48","1"
"K1_xGQUTbamu090e83YnfwjIrJXSoylfqm4rQh3yu05n8J0FwZjv7oN1Jd3GsYV9","2021-11-29 21:26:38","2021-11-29 21:26:57","2021-11-29 21:26:57","","1","2021-11-29 21:26:52","2"
"lW6SyYz72MAjbW8ppogLgSOY_NPmUGUM3LVQlkpsRUlK6pYGRbzDSPPm928yz4HJ","2021-11-29 21:26:50","2021-11-29 21:27:31","2021-11-29 21:27:31","","1","2021-11-29 21:27:09","1"
"jB_4gDFtioMG6LSJVs8B6gWWCfwVTLLloVfuOnrp7CgRzDb0o25ao6xtrr_gv-v1","2021-11-29 21:26:53","","","","","",""
"zj3UIGOJnX18HUYUQRKfx7U7Wa7lYDaSAIDp__HFT75layU2jihNUPp8lN-6iswR","2021-11-29 21:26:53","","","","","",""
"vJ3dCGf2BtkQPcfs2NrWiyh1O9K9gfWFKQa8LSKc5hPp4nKVsNX1yPdf3PuqIUwW","2021-11-29 21:26:54","","","","","",""
"GXuDXDYYGr67TSeC8antnWCofdnsCGe8J_rMH-_SMx4laStf9ZXCwEY5NXvk9d6w","2021-11-29 21:27:03","","","","","",""
"8wQoPlFGzilubPNMELFTkaKT0tOXA7HJc8qkE6LJciAN4CGM1zZMz7yjWoWjpCSW","2021-11-29 21:27:04","","","","","",""
"YAAP-k3bh1ojPk9S_tKh2mzE_nkfxpDVh8IKS25aZ5s4btzqGySOCfCQe16nyubb","2021-11-29 21:27:11","2021-11-29 21:28:07","","","1","2021-11-29 21:28:07",""
"fhM8AKdw4GaYJyIBK8pwuc61CXQQlYIRuLh6Dw4ew-kW3Rxp4jTOeGwi3lHntEne","2021-11-29 21:27:16","2021-11-29 21:27:46","2021-11-29 21:27:46","","1","2021-11-29 21:27:33","2"
"BijtUQEJ4roEW_V_1i7WSrlDe6YOrHtl0QqoZj6iFhhz5oL1mwXCqRkofbUTE3lj","2021-11-29 21:27:19","2021-11-29 21:27:55","2021-11-29 21:27:55","","1","2021-11-29 21:27:43","2"
"wPu8ifMLKZAZO8U9IsQiGz231NL8W6o7D8_WJV81AzBK0C0CW30HHVj6U4yPC9LY","2021-11-29 21:27:21","2021-11-29 21:28:18","2021-11-29 21:28:18","","1","2021-11-29 21:28:08","2"
"RvmEOnYbyIU9ktJiuDDQ3CBS3ESx4NZdnfc-Hj62zONUTbETgH-tOTxY97zoh7K_","2021-11-29 21:28:02","2021-11-29 21:28:41","2021-11-29 21:28:41","","1","2021-11-29 21:28:30","1"
"VQbYcZJmFG5mtFqMQ6SOGmYR6Dlh_Q9JvqEoG_-2QtQYws6lyfjAmJ_CDDCiK_FQ","2021-11-29 21:28:18","2021-11-29 21:28:39","2021-11-29 21:28:39","","1","2021-11-29 21:28:32","1"
"9OhEUByoU2nXNdyqpsiMbhnfM2Ydd36qfkq8SjQ3UwQ5zmvgGNeI-uKPBpyQ-pju","2021-11-29 21:28:26","2021-11-29 21:28:44","2021-11-29 21:28:44","","1","2021-11-29 21:28:39","2"
"XIM5R346kBbs3q5cgBsl3XiWCRE01LiF6-Wb9IQmD6g14Ui1biYq0LzufFKJWJoS","2021-11-29 21:28:30","2021-11-29 21:28:42","2021-11-29 21:28:42","","1","2021-11-29 21:28:37","2"
"KJHO9PSQZXH08JKL_d8YnR5JtB59tecXHQoIeP4oROenIAtTKuLod3jW0_Zp4tJi","2021-11-29 21:28:36","2021-11-29 21:28:56","2021-11-29 21:28:56","","1","2021-11-29 21:28:53","1"
"RerMRSokqN8CtsYrUpB3J-_E8A_zIaLoqr5nK5DTNHqbTwh_CpJC_Swe13z4SAvs","2021-11-29 21:28:42","2021-11-29 21:28:55","2021-11-29 21:28:55","","1","2021-11-29 21:28:51","2"
"PMRHhyhNP98JmxIwYuH8ET70hNEVh2xsyBraK1PRjZTYubOQt5Hy3JEwPB_VPbxU","2021-11-29 21:28:42","2021-11-29 21:28:54","2021-11-29 21:28:54","","1","2021-11-29 21:28:50","1"
"hE7NPDM88lSxcNmEP-z0TeiuQH64CvAS_pbRZohEYA8drEc_4PN-8mxW6ngeEK01","2021-11-29 21:28:43","2021-11-29 21:29:57","2021-11-29 21:29:57","","1","2021-11-29 21:29:06","1"
"OgdRWmquNteOsE_H_jOXSyt6ocmVFiXWea0J2-5norZ-zb9t3RBvlVc-kM19-5TF","2021-11-29 21:28:47","2021-11-29 21:29:03","2021-11-29 21:29:03","","1","2021-11-29 21:28:58","1"
"Si19QEMuinSXGSAFzr9bkQk42ajEZfborPgwmEPIcrDzdsjeu5MqyqoH9z3K5cCJ","2021-11-29 21:28:55","2021-11-29 21:29:28","2021-11-29 21:29:28","","1","2021-11-29 21:29:21","1"
"HjQ9vOiT7I8p9w5agNpoypNTg1JqkeUB897KvuDBbkDlB-Vc_LpvNbLmqqIYV3bl","2021-11-29 21:28:56","","","","","",""
"T5Btwb__AofY_rdpmqw5VjZUQoArsWAl-C4_4wvSiumnTu8cCikVyx-olQzs6_J_","2021-11-29 21:29:05","2021-11-29 21:30:52","2021-11-29 21:30:52","","1","2021-11-29 21:30:18","1"
"sTrpzU6yzNDBME1OH5nBaaIpWqmy7UZZ9oOqBElip-m0ZQWMnhaRx6WZojaoX6NZ","2021-11-29 21:29:07","2021-11-29 21:29:24","2021-11-29 21:29:24","","1","2021-11-29 21:29:17","1"
"H-Qwoj6pMKVeZAK91lBOHUR84x-sLlv1HE1ZN7VI2dnD4oswhdQ-pIt9JDRuB6zm","2021-11-29 21:29:21","2021-11-29 21:29:37","2021-11-29 21:29:37","","1","2021-11-29 21:29:29","1"
"vJqIUWcp1PZiFNJ2hNYfwvKUSdza69ItopnyQPenC77TTc7yQk0LCNGeMZx-YXx0","2021-11-29 21:29:23","2021-11-29 21:30:41","2021-11-29 21:30:41","","1","2021-11-29 21:30:10","2"
"DSC67BlMYz8WPb0Uzrb6OL8dlgXKg1srla7gCVgjiXoVIqREffamtF3ZLb2FGGRk","2021-11-29 21:29:25","2021-11-29 21:38:20","2021-11-29 21:38:20","","1","2021-11-29 21:38:15","2"
"7JX-P0QJgvbe4MKAobxhnnKwuWEUz5__0Wo0m7xmJApYd1DT4LhSz3nR7DJq85Q4","2021-11-29 21:29:36","2021-11-29 21:30:26","2021-11-29 21:30:26","","1","2021-11-29 21:30:16","1"
"Yh3sIcG1ckjGz-TfXO5v9pcrMEfOARslQtA4BJFxz2ncqWk4cpaNtMfZ0RzA9F52","2021-11-29 21:29:38","2021-11-29 21:30:03","2021-11-29 21:30:03","","1","2021-11-29 21:29:54","2"
"WMnqu4fJ8S9dqf274YBxTsfPUyd4Kjdmh7q9o6Zu4YDR0wvfK5bsQGmVx2MeHmbM","2021-11-29 21:29:42","2021-11-29 21:30:11","2021-11-29 21:30:11","","1","2021-11-29 21:30:00","1"
"ehX15EXM61YVirrkzlt184hDIVpFOWqr6HIhVQn0sYd1dLsIEaYlpik4ZF7YO7y8","2021-11-29 21:29:49","2021-11-29 21:30:23","2021-11-29 21:30:23","","1","2021-11-29 21:30:17","1"
"NumsAQYXcLqnGgrTQG4XgivVW1ZgNvrrhY27D9YYBX18DmW7aYwJQsqNqJsbyXDS","2021-11-29 21:30:12","2021-11-29 21:30:43","2021-11-29 21:30:43","","1","2021-11-29 21:30:38","1"
"M0BbZJ9QXuQzG6VOp0m53NSXDNdF0ecnMazp3tJtE8HqfcHG7E4bFQTPHfxUxAtk","2021-11-29 21:30:20","2021-11-29 21:31:30","2021-11-29 21:31:30","","1","2021-11-29 21:31:20","1"
"QPo-xgXpusXDUdqZZDo1c65fiFbDosI06bb-HkI3j1gr5IQMRKdVtrkImS4hdM1O","2021-11-29 21:30:25","2021-11-29 21:31:00","2021-11-29 21:31:00","","1","2021-11-29 21:30:54","2"
"kkmhHqfjBnUCuc3YCVun11ytTH7AgSaCfbTkgP-SD_hPYGXak8UYkH8_wWy51tKV","2021-11-29 21:30:39","2021-11-29 21:30:56","2021-11-29 21:30:56","","1","2021-11-29 21:30:52","1"
"axb-n-X-m-Q-rAFZZXFfoA948hP9ZSoVs0NsAFusYC2yvuV0q9x_d5csseuh0iqG","2021-11-29 21:30:45","2021-11-29 21:31:18","2021-11-29 21:31:18","","1","2021-11-29 21:31:13","1"
"TUkP8J1Ibdv7Yi1jcLsQ733R-gq6XkqVjKone9nwUOspBpjhCY8mBoC7ccPA9err","2021-11-29 21:30:49","2021-11-29 21:36:19","2021-11-29 21:36:19","","1","2021-11-29 21:36:01","1"
"NDQ_HqJ2NwwRVFBQJczlOP-JXTzdqoiLRJ1dg7WqYWPCd4hpF6I-KXhcz3Sk6k6w","2021-11-29 21:30:57","2021-11-29 21:33:19","2021-11-29 21:33:19","","1","2021-11-29 21:33:16","2"
"cMhgOlT90y23XIIQAMFQnBkL5M7Kg4xH8v8WCklX5wf6OR_G3jWSXFGUU8oKN4Au","2021-11-29 21:31:00","2021-11-29 21:31:42","2021-11-29 21:31:42","","1","2021-11-29 21:31:29","1"
"DdvwlSIu4pcFyXIn5OIaY30dDO1NcmLYcIKX4GkLWCXfD3fVRy9htO6vzxHDNKrh","2021-11-29 21:31:07","2021-11-29 21:31:19","2021-11-29 21:31:19","","1","2021-11-29 21:31:16","1"
"N2ycWvgmBuh1GEpMn6Nk4U_vFTAd_AfpnDdKHCXEo_g17IwuCUUSmalclBR6y4Yx","2021-11-29 21:31:17","2021-11-29 22:17:12","2021-11-29 22:17:12","","1","2021-11-29 22:17:06","1"
"roiWnQnWvhKUx1oL-GgM5cccL_fRQa5zFKK3CVg4X4W3IpthboAmS727OuUAs7o1","2021-11-29 21:31:33","2021-11-29 21:31:45","2021-11-29 21:31:45","","1","2021-11-29 21:31:39","1"
"7ZeFRI01sZQYHLw-NA_1wPNusqsL7BvmxVm--AfmlUdvGJQfRiaHqn2GJ27MuU_n","2021-11-29 21:32:11","2021-11-29 21:32:20","2021-11-29 21:32:20","","1","2021-11-29 21:32:17","1"
"aJq8OCgC8YtQm-y5GLOk4TbkqcDuAdPw8ujrSc2tjVCoEh4r9YP5eZT09KNtOHfk","2021-11-29 21:34:31","2021-11-29 21:35:50","2021-11-29 21:35:50","","1","2021-11-29 21:35:45","1"
"6dtpyZH5iApqGvOQKW71FTHR66S8s6aYHSaZ-A97uG8wiDYKH_vv3MeG-qob6BJU","2021-11-29 21:35:07","2021-11-29 21:35:27","2021-11-29 21:35:27","","1","2021-11-29 21:35:18","2"
"bhGq38CP2GjnFf4dGAnixeeynw4PiAlL6dgIgWgSUSqdyKgggmzb5jhUeyeB0rm5","2021-11-29 21:35:49","2021-11-29 21:36:00","2021-11-29 21:36:00","","1","2021-11-29 21:35:57","1"
"RP9VHQDW1fboxxvbkLVB0YMhmFaw2PnkDfyUoVii6ReMdFXz07928xUlDPgql0as","2021-11-29 21:38:46","2021-11-29 21:39:17","2021-11-29 21:39:17","","1","2021-11-29 21:39:11","1"
"-DXGRUhrfJabqBY7vI950bsVMfdTizYksJnExGDMEcRSLKOLmwBkWJmOgYLeTJoY","2021-11-29 22:30:51","","","","","",""
"QfcoIVqaXBag_jN2-LIhECQoKLCK7yneTlmQ4XngYlmaIuyTvbF4SGelAsRP6Y1z","2021-11-29 22:32:33","","","","","",""
"YK0_Uq1Rd-ooRV3-1mwZl4oBTJpbQ1fc2oOn1HxosGCf1mk4Yk9_Dzc9ou1Wo3Qt","2021-11-29 22:37:53","","","","","",""
"tfc9npgfNV-VhW44tikmxY1yKCdrQI-x_1hA9EQVFnCIGQCyVHgJWtUzqm1lvwCE","2021-11-29 22:39:48","","","","","",""
"NZBBgQrsUODRzFMwsd2JUxo9fkBoMR-0LAw6ncQk2x-SZbwCR0YbGrvp5Y-GPkRX","2021-11-29 22:41:18","","","","","",""
"OO8MPG5H6rocaIAGiVr2dhAHtP3r3CvWbjpMDaeDUxVcuDE6mSvCeHaxyBrXkCEa","2021-11-29 22:46:35","","","","","",""
"zMOndu4FzSUcgN5ynjzGqoBcpUgfVOi4F2QEFSiscrzbS4nBmm7hboohKxG-y3Gz","2021-11-30 07:31:20","2021-11-30 07:33:36","","","","",""
"Y6jGACZnQVqA4CwkZDb36vs0-VBn_F0fRiMIMNg1XOefto2IJeOqIpLHYEq_e7fp","2021-11-30 19:02:11","","","","","",""
"ia2GfAVZsLX4hhDX9TyEFkoNi96fv27fe0iVugaEWOLxzJq_w_3Bdc-pCebG_BL2","2021-11-30 20:39:13","2021-11-30 20:44:02","2021-11-30 20:44:02","","1","2021-11-30 20:43:57","2"
"5cgvth_07pHLIfJsXFCqVCgge6R_ZLDlQ4i9t_EWLhCVLd1x0PzZBOlWQ2LiY_hl","2021-11-30 22:31:39","","","","","",""
"tTum-0R0_d4Qijy3SsNP1kaCkka9Ewumok_7SMs5khSQa8RuJ1ZXy3DEVoHkOZQr","2021-12-01 04:38:58","","","","","",""
"dj7LgI4OBgd6-RVQALl1c54SWG8OB7ZCrcYdDuCVdiqJoYPEwHZ_04y2G3wsaxCl","2021-12-02 01:24:39","2021-12-02 01:25:14","2021-12-02 01:25:14","","1","2021-12-02 01:25:04","2"
"xCFKlKJUUTK1x6V6My_bmeQMC-AUN0CSipJHndJjH2yfRfqtMheM3CMA9XjmGY5V","2021-12-02 01:24:45","","","","","",""
"Djb3SZINsauH8faFmCOPgdmo935Xy_GZSsvzGDv-c51nJy69esOCWwdV-DCVcMs0","2021-12-02 01:24:58","2021-12-02 01:25:21","2021-12-02 01:25:21","","1","2021-12-02 01:25:13","2"
"VSj01QzmXtgESQ6pzTDH-W1Cu_L3hl-akEDtwyYvsTP8V-bBMMgpvsUwPN4VYEh0","2021-12-02 01:25:18","2021-12-02 01:25:40","2021-12-02 01:25:40","","1","2021-12-02 01:25:35","1"
"pIaQvpGj73FinohWzNSacKZ86eTMODeQmr17QycI6vpcA5t8jxsZ5J7SYg4spEDp","2021-12-02 01:26:27","2021-12-02 01:26:55","2021-12-02 01:26:55","","1","2021-12-02 01:26:43","1"
"hxuNZGhmHfv49I1q4mEiWnhAjD5mGaTZLYnBiYhGaanhqcbX1x_OiSm_VpMh64F9","2021-12-02 01:27:24","2021-12-02 01:27:40","2021-12-02 01:27:40","","1","2021-12-02 01:27:34","2"
"LwiLMVb57mT1hGzHvQPb-KlWT7bNb20pg-4dWomnFdnpnzeCTHid486oLzsr7u5m","2021-12-02 01:28:10","2021-12-02 01:28:40","2021-12-02 01:28:40","","1","2021-12-02 01:28:28","2"
"qIz-nWD-y0lh46AsvjCpU-BcIhfCQgndSHaQ6FNofhjZCunFLQD340VA2sBzRU1Q","2021-12-02 01:30:35","","","","","",""
"kvWbegRQEPafqLCY54JSvQuh0pbXCDUOtzdzuA5KIFn4fvU5jgwk3hzLivmaRGMl","2021-12-02 01:34:40","2021-12-02 01:34:58","2021-12-02 01:34:58","","1","2021-12-02 01:34:50","1"
"csIJqrj7LCovdExjDF4J3KeHVoLZtukUmZQny9LtDkiSqYGKwxo00BuUMJeIJtOn","2021-12-02 01:34:48","2021-12-02 01:35:08","2021-12-02 01:35:08","","1","2021-12-02 01:35:00","1"
"PblKQiWCXC-4czBjjDE7qD7oEzpqf1B1Y5fkXMT5yB3d9GTh3_9R2PbSjOSKOGrf","2021-12-02 01:36:16","2021-12-02 01:36:41","2021-12-02 01:36:41","","1","2021-12-02 01:36:38","1"
"92FWXzC4zFtFeJ3wizJwm-ZfUwoZQo59OrTranoO2zqZ1mSueOyoBqqnr_1L8Rl0","2021-12-02 01:37:24","2021-12-02 01:37:45","2021-12-02 01:37:45","","1","2021-12-02 01:37:39","2"
"Ttq03DYVOI9Cgsx5lRnM8UI9J_F-8zAYLoGyyGVuBkcUAejKylWa6h6V-ZzjgOf4","2021-12-02 01:38:14","","","","","",""
"vvruR8HYHV6O3i-9akrhOVRxi8eNiHWwgqMEgaTKDQYcllfmwjzeZWEWCE6j479G","2021-12-02 01:38:25","","","","","",""
"kZxsxkvhrRdGp6kNaiP6Cj_ioNM8vPMLJseNxGao3P3vsfJ388elR96XcZloR-w1","2021-12-02 01:38:39","2021-12-02 01:38:52","2021-12-02 01:38:52","","1","2021-12-02 01:38:49","1"
"ttwljjZAf9aXkYXiP0tUWlWBn8zBSQ3SLPOErqKIiByAP2M8Hz7NanEH3cM0r25w","2021-12-02 01:39:45","","","","","",""
"fr5tzgh-LkMfzLc-8nNovnsy6zTJ4pQ1YPlRleupatq6qX58-N_4GEmXAay2cE56","2021-12-02 02:00:36","2021-12-02 02:01:06","2021-12-02 02:01:06","","1","2021-12-02 02:00:57","2"
"ruzlPL8OeqHQxElpE2uk3Vt_F2glS1lIC3eduMwqexOtwrbcC_pZFP-EwY6Iuml4","2021-12-02 02:01:08","2021-12-02 02:02:38","2021-12-02 02:02:38","","1","2021-12-02 02:02:04","1"
"PCRYSdFLVDT8tM2cDhGeOsKBE3Ssgb-IA6CA6fBne-RRXiv_Z4_BOZI3oXS5cRtQ","2021-12-02 02:09:05","2021-12-02 02:09:19","2021-12-02 02:09:19","","1","2021-12-02 02:09:16","1"
"XgT0g3jmyRW72Xs_iGe_b71RSrx7CueNeSsf7kAbc7JwNlOiX2K7h8gXYVps7KTZ","2021-12-02 02:45:01","2021-12-02 02:45:20","2021-12-02 02:45:20","","1","2021-12-02 02:45:14","1"
"_pgjadAy_yiDrGegYMqF1Pr0QJEgfDE5cZAUW5VUnedKfvgTVtyGuHpPQJJp1SDE","2021-12-02 03:21:31","2021-12-02 03:21:45","2021-12-02 03:21:45","","1","2021-12-02 03:21:41","2"
"4aRxBShDNEVHyT64CoFwscFjq3ACkpfOdvZ2H_FVVS-LoGgCPhyiW_3juHI0lgy6","2021-12-02 04:09:35","2021-12-02 04:10:17","2021-12-02 04:10:17","","1","2021-12-02 04:10:06","2"
"oOVGrIcAkVjilcLj1XCWcKAMloX6R-GLluQtUaKHK_aPOr3RJSO3pKxFdjHNhKTO","2021-12-02 14:23:19","2021-12-02 14:23:38","2021-12-02 14:23:38","","1","2021-12-02 14:23:32","1"
"EGEJaKu-3M90IE-n96X9N2Ekill3fxXpUhYUj0_eNiTKuBqjSTkusMKNLQxBbPVJ","2021-12-02 15:55:28","2021-12-02 22:11:08","2021-12-02 22:11:08","","1","2021-12-02 22:11:02","2"
"y0IrKDBbddO63o4XrjAJkqpapVRQZe8ocdcadDSdBUFj-yXo3JrpPpJJKTkrLwXP","2021-12-02 16:00:49","2021-12-02 16:01:22","2021-12-02 16:01:22","","1","2021-12-02 16:01:13","2"
"WsgrUxjjIyAcRwd401i-iuQYf8ZKdCg1vOWnCk6S-HyuS_OQDy8I2YOJiRw8MrYl","2021-12-02 16:01:41","2021-12-02 16:02:02","2021-12-02 16:02:02","","1","2021-12-02 16:01:57","1"
"wEHDfbdAypgcJfT1BvT1nWiLlr88lMb2VFqY5s8OQRIDp9HE1NJ0X7HLh9sHsyHo","2021-12-02 23:58:09","2021-12-02 23:59:11","2021-12-02 23:59:11","","1","2021-12-02 23:59:05","2"
"KzXcw-vDA1Lzb2Fg_mCT7vAPLy3c2SWUqkYL5WAsWiqrz00PQXHvPJtLNUuBD4um","2021-12-03 13:20:40","","","","","",""
"eVraLE3H_DIGpggABkhihpvjXLt8LmboGNSU8ZIyZvF5l2TcSh8A6BAwswVN9RvM","2021-12-03 22:06:17","","","","","",""
"IwoyhLf6_x2UXVuW57Z1DG8waOp4A2jiF31HrZ1D_EC-g91Ty4ngMz2Z2TaxOAKW","2021-12-04 09:41:20","","","","","",""
"28y8BKkewOrgl9hyblJS7eP1iv9PYYHkijCsVUxpQaA7qA8zo1WGbqq2cyQ85UJO","2021-12-05 17:13:44","","","","","",""
"AP_LWKhRm5HeVyZiYAeNxz72m0oxv9FEwZ0aegpkQiujVGRpdfHJ-eyOfSCmWnJ0","2021-12-05 17:13:44","","","","","",""
"2i_He2HGMqBGrxd5LGMLJZwafeYLtVN18oISUGsfNYGQp-Mr03oEzQ8l8kOsJpl7","2021-12-06 03:07:47","","","","","",""
"Ki7tM2fC6vP5eshMAgPmeYq9ryzGBG0W4R55abpexxMiJVKv3T0jDHHGy9rrRrIB","2021-12-06 23:49:48","2021-12-07 16:02:49","2021-12-07 16:02:49","","1","2021-12-07 16:02:46","1"
"_oegQJpIOCECrkmJ2nNvXVprB8qZl_spVqqDSn3fsiXZYeuJOs8K4wKd2yo6z6wK","2021-12-06 23:51:20","","","","","",""
"vWFRq9joI7SHHzb6gr0rxmeVCgaGftFOEqTwxBkiv96u4xmYF_xcMcqGNpQBOmoa","2021-12-07 00:51:52","","","","","",""
"X9HP7jx_z8OOOOGKAbBObFcR6smPE4bcNrL_57An8zQEk1aIpKSVscrMi5z4WGKo","2021-12-07 22:46:33","","","","","",""
"0bNvFBKNCPwqD87YRYuPBiQILjL8xbpB4eWrwVOR97zjhQ2vRJV4cJQPM3LO41--","2021-12-08 20:32:07","","","","","",""
